"Symbol","Name","LastSale","MarketCap","ADR TSO","IPOyear","Sector","industry","Summary Quote",
"FAX","Aberdeen Asia-Pacific Income Fund Inc","7.6801","2004321777.6","n/a","1986","n/a","n/a","http://www.nasdaq.com/symbol/fax",
"IAF","Aberdeen Australia Equity Fund Inc","10.9472","247122092.8","n/a","1985","n/a","n/a","http://www.nasdaq.com/symbol/iaf",
"CH","Aberdeen Chile Fund, Inc.","17.82","147086280","n/a","n/a","n/a","n/a","http://www.nasdaq.com/symbol/ch",
"ETF","Aberdeen Emerging Markets Telecommunications and Infrastructur","19.65","162053550","n/a","1992","n/a","n/a","http://www.nasdaq.com/symbol/etf",
"FCO","Aberdeen Global Income Fund, Inc.","14.19","127582290","n/a","1992","n/a","n/a","http://www.nasdaq.com/symbol/fco",
"IF","Aberdeen Indonesia Fund, Inc.","12.76","105550720","n/a","1990","n/a","n/a","http://www.nasdaq.com/symbol/if",
"ISL","Aberdeen Israel Fund, Inc.","13.5","57685500","n/a","1992","n/a","n/a","http://www.nasdaq.com/symbol/isl",
"AXK","Accelr8 Technology Corporation","1.22","13545660","n/a","n/a","Capital Goods","Biotechnology: Laboratory Analytical Instruments","http://www.nasdaq.com/symbol/axk",
"ACU","Acme United Corporation.","10.06","31467680","n/a","1988","Capital Goods","Industrial Machinery/Components","http://www.nasdaq.com/symbol/acu",
"AE","Adams Resources & Energy, Inc.","45.89","193564020","n/a","n/a","Energy","Oil Refining/Marketing","http://www.nasdaq.com/symbol/ae",
"ADK","Adcare Health Systems Inc","4.509","54874530","n/a","n/a","Health Care","Hospital/Nursing Management","http://www.nasdaq.com/symbol/adk",
"API","Advanced Photonix, Inc.","0.82","25394580","n/a","n/a","Technology","Semiconductors","http://www.nasdaq.com/symbol/api",
"ANX","ADVENTRX Pharmaceuticals, Inc.","0.63","16673580","n/a","n/a","Consumer Durables","Major Pharmaceuticals","http://www.nasdaq.com/symbol/anx",
"ACY","AeroCentury Corp.","9.72","14997960","n/a","n/a","Technology","Diversified Commercial Services","http://www.nasdaq.com/symbol/acy",
"AIM","Aerosonic Corporation","3.0001","11310377","n/a","n/a","Capital Goods","Industrial Machinery/Components","http://www.nasdaq.com/symbol/aim",
"AA^","Alcoa Inc.","85.4392","56389872","n/a","n/a","Capital Goods","Metal Fabrications","http://www.nasdaq.com/symbol/aa^",
"AXU","Alexco Resource Corp","7.77","465718260","n/a","n/a","Basic Industries","Precious Metals","http://www.nasdaq.com/symbol/axu",
"ANV","Allied Nevada Gold Corp","34.09","3056202590","n/a","n/a","Basic Industries","Precious Metals","http://www.nasdaq.com/symbol/anv",
"AAU","Almaden Minerals, Ltd.","2.98","166513460","n/a","n/a","Basic Industries","Precious Metals","http://www.nasdaq.com/symbol/aau",
"APT","Alpha Pro Tech, Ltd.","1.55","33645850","n/a","n/a","Health Care","Industrial Specialties","http://www.nasdaq.com/symbol/apt",
"DIT","AMCON Distributing Company","59.34","37087500","n/a","n/a","Consumer Non-Durables","Food Distributors","http://www.nasdaq.com/symbol/dit",
"APP","American Apparel Inc","0.75","81804000","n/a","1994","Finance","Business Services","http://www.nasdaq.com/symbol/app",
"ADGE","American DG Energy Inc.","1.6","73441600","n/a","n/a","Energy","Electric Utilities: Central","http://www.nasdaq.com/symbol/adge",
"ALN","American Lorain Corporation","1.3799","47567912.8","n/a","n/a","Consumer Non-Durables","Packaged Foods","http://www.nasdaq.com/symbol/aln",
"AMS","American Shared Hospital Services","2.9","13374800","n/a","n/a","Health Care","Medical Specialities","http://www.nasdaq.com/symbol/ams",
"AQQ","American Spectrum Realty, Inc.","6.08","18221760","n/a","n/a","Consumer Services","Real Estate Investment Trusts","http://www.nasdaq.com/symbol/aqq",
"ANO","Anooraq Resources Corporation","0.5016","101229400.8","n/a","n/a","Basic Industries","Precious Metals","http://www.nasdaq.com/symbol/ano",
"AIS","Antares Pharma, Inc.","2.59","268098670","n/a","n/a","Health Care","Medical/Dental Instruments","http://www.nasdaq.com/symbol/ais",
"BRD","Apollo Gold Corporation","0.94","171479500","n/a","n/a","Basic Industries","Precious Metals","http://www.nasdaq.com/symbol/brd",
"AGX","Argan, Inc.","14.47","197312920","n/a","n/a","Basic Industries","Engineering & Construction","http://www.nasdaq.com/symbol/agx",
"ARR/WS","Armour Residential R","0.02","0","n/a","n/a","n/a","n/a","http://www.nasdaq.com/symbol/arr/ws",
"HRT","Arrhythmia Research Technology Inc.","3.92","10940720","n/a","n/a","Health Care","Biotechnology: Electromedical & Electrotherapeutic Apparatus","http://www.nasdaq.com/symbol/hrt",
"ATC","ATC Venture Group Inc.","0.3505","2438428.5","n/a","1986","Capital Goods","Auto Parts:O.E.M.","http://www.nasdaq.com/symbol/atc",
"ATSC","ATS Corporation","3.18","73054140","n/a","n/a","Consumer Services","Professional Services","http://www.nasdaq.com/symbol/atsc",
"AZC","Augusta Resource Corporation","2.92","395940320","n/a","n/a","Basic Industries","Precious Metals","http://www.nasdaq.com/symbol/azc",
"AZK","Aurizon Mines, Ltd.","5.19","841537740","n/a","n/a","Basic Industries","Precious Metals","http://www.nasdaq.com/symbol/azk",
"AWX","Avalon Holdings Corporation","3.58","11423780","n/a","n/a","Public Utilities","Environmental Services","http://www.nasdaq.com/symbol/awx",
"AVL","Avalon Rare Metals, Inc.","2.66","272963880","n/a","1980","n/a","n/a","http://www.nasdaq.com/symbol/avl",
"ASM","Avino Silver","2.4299","65337581.1","n/a","1992","Basic Industries","Precious Metals","http://www.nasdaq.com/symbol/asm",
"BONE","Bacterin International Holdings, Inc.","2.98","120973100","n/a","n/a","Health Care","Biotechnology: Biological Products (No Diagnostic Substances)","http://www.nasdaq.com/symbol/bone",
"BKR","Baker (Michael) Corporation","22.79","217484970","n/a","n/a","Consumer Services","Other Consumer Services","http://www.nasdaq.com/symbol/bkr",
"BLD","Baldwin Technology Company, Inc.","0.895","13771365","n/a","1987","Capital Goods","Industrial Machinery/Components","http://www.nasdaq.com/symbol/bld",
"BTN","Ballantyne Strong, Inc","5.02","72850240","n/a","1995","Miscellaneous","Industrial Machinery/Components","http://www.nasdaq.com/symbol/btn",
"BKJ","Bancorp of New Jersey, Inc","9.85","51288950","n/a","n/a","Finance","Major Banks","http://www.nasdaq.com/symbol/bkj",
"BCV","Bancroft Convertible Fund, Inc.","16.964","90180624","n/a","n/a","n/a","n/a","http://www.nasdaq.com/symbol/bcv",
"BAA","BANRO CORPORATION","5.45","943187900","n/a","n/a","Basic Industries","Precious Metals","http://www.nasdaq.com/symbol/baa",
"BHB","Bar Harbor Bankshares, Inc.","30.73","119416780","n/a","n/a","Finance","Major Banks","http://www.nasdaq.com/symbol/bhb",
"BRN","Barnwell Industries, Inc.","2.92","24168840","n/a","n/a","Energy","Oil & Gas Production","http://www.nasdaq.com/symbol/brn",
"BIR^A","Berkshire Income Realty, Inc.","27.5001","81895297.8","n/a","n/a","n/a","n/a","http://www.nasdaq.com/symbol/bir^a",
"BTX","BioTime, Inc.","4.97","249732560","n/a","n/a","Health Care","Biotechnology: Biological Products (No Diagnostic Substances)","http://www.nasdaq.com/symbol/btx",
"BMJ","Birks & Mayors Inc.","1.05","3856650","n/a","n/a","Consumer Services","Consumer Specialties","http://www.nasdaq.com/symbol/bmj",
"RFA","BlackRock Florida Investment Quality Municipal Trust Inc. (The","13.4105","15127044000","n/a","1993","n/a","n/a","http://www.nasdaq.com/symbol/rfa",
"BZM","BlackRock Maryland Municipal Bond Trust","16.93","34994310","n/a","2002","n/a","n/a","http://www.nasdaq.com/symbol/bzm",
"BLE","BlackRock Municipal Income Trust II","15.9","371026500","n/a","1992","n/a","n/a","http://www.nasdaq.com/symbol/ble",
"RNJ","BlackRock New Jersey Investment Quality Municipal Trust Inc.","13.8508","14086263.6","n/a","1993","n/a","n/a","http://www.nasdaq.com/symbol/rnj",
"BLJ","Blackrock New Jersey Municipal Bond Trust","17.09","39631710","n/a","2002","n/a","n/a","http://www.nasdaq.com/symbol/blj",
"RNY","BlackRock New York Investment Quality Municipal Trust Inc. (Th","15.0008","192460264","n/a","1993","n/a","n/a","http://www.nasdaq.com/symbol/rny",
"BFY","BlackRock New York Municipal Income Trust II","16.9399","84140483.3","n/a","2002","n/a","n/a","http://www.nasdaq.com/symbol/bfy",
"BPS","BlackRock Pennsylvania Strategic Municipal Trust (The)","14.94","30283380","n/a","1994","n/a","n/a","http://www.nasdaq.com/symbol/bps",
"BHV","BlackRock Virginia Municipal Bond Trust","19.48","30700480","n/a","2002","n/a","n/a","http://www.nasdaq.com/symbol/bhv",
"BDR","Blonder Tongue Laboratories, Inc.","1.3601","8448941.2","n/a","1995","Technology","Radio And Television Broadcasting And Communications Equipment","http://www.nasdaq.com/symbol/bdr",
"BVX","Bovie Medical Corporation","2.76","49006560","n/a","n/a","Health Care","Medical/Dental Instruments","http://www.nasdaq.com/symbol/bvx",
"BWL/A","Bowl America, Inc.","13.15","48431450","n/a","n/a","Consumer Services","Services-Misc. Amusement & Recreation","http://www.nasdaq.com/symbol/bwl/a",
"BZC","Breeze-Eastern Corporation","7.84","74401600","n/a","n/a","Capital Goods","Military/Government/Technical","http://www.nasdaq.com/symbol/bzc",
"BTI","British American Tobacco  Industries, p.l.c.","101.88","3947951880","n/a","n/a","Consumer Non-Durables","Farming/Seeds/Milling","http://www.nasdaq.com/symbol/bti",
"CAK","CAMAC Energy Inc.","0.9","139089600","n/a","n/a","Energy","Oil & Gas Production","http://www.nasdaq.com/symbol/cak",
"CDY","Cardero Resource Corporation","1.29","118058220","n/a","n/a","Basic Industries","Precious Metals","http://www.nasdaq.com/symbol/cdy",
"CXM","Cardium Therapeutics, Inc.","0.2815","26150787","n/a","n/a","Health Care","Biotechnology: Biological Products (No Diagnostic Substances)","http://www.nasdaq.com/symbol/cxm",
"ROX","Castle Brands, Inc.","0.26","28093520","n/a","2006","Consumer Non-Durables","Beverages (Production/Distribution)","http://www.nasdaq.com/symbol/rox",
"CAW","CCA Industries, Inc.","4.8982","29815343.4","n/a","n/a","Consumer Non-Durables","Package Goods/Cosmetics","http://www.nasdaq.com/symbol/caw",
"CVM","Cel-Sci Corporation","0.365","91093050","n/a","n/a","Health Care","Biotechnology: Biological Products (No Diagnostic Substances)","http://www.nasdaq.com/symbol/cvm",
"CEF","Central Fund of Canada Limited","23.06","5494805980","n/a","n/a","n/a","n/a","http://www.nasdaq.com/symbol/cef",
"GTU","Central Gold Trust","65.77","718076860","n/a","n/a","n/a","n/a","http://www.nasdaq.com/symbol/gtu",
"CET","Central Securities Corporation","21.95","499999050","n/a","n/a","n/a","n/a","http://www.nasdaq.com/symbol/cet",
"CCF","Chase Corporation","14.47","130808800","n/a","n/a","Consumer Durables","Building Products","http://www.nasdaq.com/symbol/ccf",
"CQP","Cheniere Energy Partners, LP","24.4","756473200","n/a","2007","Public Utilities","Oil/Gas Transmission","http://www.nasdaq.com/symbol/cqp",
"LNG","Cheniere Energy, Inc.","16.67","2160548690","n/a","n/a","Public Utilities","Oil/Gas Transmission","http://www.nasdaq.com/symbol/lng",
"CVR","Chicago Rivet & Machine Co.","18.03","17416980","n/a","n/a","Technology","Industrial Machinery/Components","http://www.nasdaq.com/symbol/cvr",
"AXN","China Aoxing Pharmaceutical Company, Inc.","0.46","22731360","n/a","n/a","Consumer Durables","Major Pharmaceuticals","http://www.nasdaq.com/symbol/axn",
"CNAM","China Armco Metals, Inc.","0.67","10212810","n/a","n/a","Consumer Durables","Steel/Iron Ore","http://www.nasdaq.com/symbol/cnam",
"CBP","China Botanic Pharmaceutical Inc.","0.8001","29795724","n/a","n/a","Consumer Durables","Major Pharmaceuticals","http://www.nasdaq.com/symbol/cbp",
"CHGS","China GengSheng Minerals, Inc.","0.88","23586640","n/a","n/a","Consumer Durables","Miscellaneous manufacturing industries","http://www.nasdaq.com/symbol/chgs",
"CMFO","China Marine Food Group Limited","1.5899","47216850.2","n/a","n/a","Consumer Non-Durables","Packaged Foods","http://www.nasdaq.com/symbol/cmfo",
"CNR","China Metro-Rural Holdings Limited","1.45","95183800","n/a","n/a","Finance","Real Estate","http://www.nasdaq.com/symbol/cnr",
"NEP","China North East Petroleum Holdings Limited","3.11","110669350","n/a","2004","Energy","Oil & Gas Production","http://www.nasdaq.com/symbol/nep",
"CNGL","China Nutrifruit Group Limited","0.4","14766400","n/a","1997","Consumer Non-Durables","Packaged Foods","http://www.nasdaq.com/symbol/cngl",
"CPHI","China Pharma Holdings, Inc.","0.71","30906300","n/a","n/a","Consumer Durables","Major Pharmaceuticals","http://www.nasdaq.com/symbol/cphi",
"SHZ","China Shen Zhou Mining & Resources, Inc.","1.56","50366160","n/a","n/a","Basic Industries","Precious Metals","http://www.nasdaq.com/symbol/shz",
"KUN","China Shenghuo Pharmaceutical Holdings, Inc","0.59","11610610","n/a","2007","Consumer Durables","Major Pharmaceuticals","http://www.nasdaq.com/symbol/kun",
"CRC","Chromcraft Revington, Inc.","1.37","8800880","n/a","1992","Consumer Durables","Home Furnishings","http://www.nasdaq.com/symbol/crc",
"MBA","CIBT Education Group Inc.","0.2699","19419035.1","n/a","1992","Consumer Services","Other Consumer Services","http://www.nasdaq.com/symbol/mba",
"CKX","CKX Lands, Inc.","11.73","22779660","n/a","n/a","Energy","Oil & Gas Production","http://www.nasdaq.com/symbol/ckx",
"CGR","Claude Resources, Inc.","1.23","170862990","n/a","n/a","Basic Industries","Precious Metals","http://www.nasdaq.com/symbol/cgr",
"GLV","Clough Global Allocation Fund","13.97","145776950","n/a","2004","n/a","n/a","http://www.nasdaq.com/symbol/glv",
"GLQ","Clough Global Equity Fund","13.22","235858020","n/a","2005","n/a","n/a","http://www.nasdaq.com/symbol/glq",
"GLO","Clough Global Opportunities Fund","11.66","603253420","n/a","1988","n/a","n/a","http://www.nasdaq.com/symbol/glo",
"CRV","Coast Distribution System, Inc. (The)","2.35","11237700","n/a","n/a","Capital Goods","Automotive Aftermarket","http://www.nasdaq.com/symbol/crv",
"MOC","Command Security Corporation","1.43","15359630","n/a","n/a","Consumer Services","Diversified Commercial Services","http://www.nasdaq.com/symbol/moc",
"BTC","Community Bankers Trust Corporation.","1.52","32874560","n/a","n/a","Finance","Major Banks","http://www.nasdaq.com/symbol/btc",
"CIX","CompX International Inc.","16.37","39058820","n/a","1998","Capital Goods","Industrial Machinery/Components","http://www.nasdaq.com/symbol/cix",
"LODE","Comstock Mining, Inc.","1.97","55559910","n/a","n/a","Basic Industries","Precious Metals","http://www.nasdaq.com/symbol/lode",
"CONM","Conmed Healthcare Management, Inc.","3.65","47931800","n/a","n/a","Health Care","Hospital/Nursing Management","http://www.nasdaq.com/symbol/conm",
"CTO","Consolidated-Tomoka Land Co.","29.3","170789700","n/a","n/a","Finance","Real Estate","http://www.nasdaq.com/symbol/cto",
"CEP","Constellation Energy Partners, LLC","2.73","64886640","n/a","n/a","Energy","Oil & Gas Production","http://www.nasdaq.com/symbol/cep",
"MCF","Contango Oil & Gas Company","62.72","963191040","n/a","1990","Energy","Oil & Gas Production","http://www.nasdaq.com/symbol/mcf",
"CUO","Continental Materials Corporation","13.3","21585900","n/a","n/a","Capital Goods","Building Materials","http://www.nasdaq.com/symbol/cuo",
"CMT","Core Molding Technologies Inc","9.57","69028410","n/a","1992","Consumer Non-Durables","Plastic Products","http://www.nasdaq.com/symbol/cmt",
"CRMD","CorMedix Inc","0.34","3878720","n/a","n/a","Consumer Durables","Major Pharmaceuticals","http://www.nasdaq.com/symbol/crmd",
"CRMD/WS","CorMedix Inc","0.024","0","n/a","n/a","n/a","n/a","http://www.nasdaq.com/symbol/crmd/ws",
"CFP","Cornerstone Progressive Return Fund","6.77","105909880","n/a","n/a","n/a","n/a","http://www.nasdaq.com/symbol/cfp",
"CRF","Cornerstone Strategic Return Fund, Inc. (The)","6.71","26323330","n/a","1994","n/a","n/a","http://www.nasdaq.com/symbol/crf",
"CLM","Cornerstone Strategic Value Fund, Inc.","7.56","64758960","n/a","1987","n/a","n/a","http://www.nasdaq.com/symbol/clm",
"COVR","Cover-All Technologies Inc.","1.6995","43513998","n/a","n/a","Technology","Computer Software: Prepackaged Software","http://www.nasdaq.com/symbol/covr",
"CVU","CPI Aerostructures, Inc.","14.76","102124440","n/a","n/a","Capital Goods","Military/Government/Technical","http://www.nasdaq.com/symbol/cvu",
"CIK","Credit Suisse Asset Management Income Fund, Inc.","3.86","192965260","n/a","n/a","n/a","n/a","http://www.nasdaq.com/symbol/cik",
"DHY","Credit Suisse High Yield Bond Fund","3.16","237720480","n/a","1998","n/a","n/a","http://www.nasdaq.com/symbol/dhy",
"EXE","Crexendo, Inc.","4.04","42512920","n/a","n/a","Technology","EDP Services","http://www.nasdaq.com/symbol/exe",
"CXZ","Crosshair Energy Corp","0.6","28486200","n/a","n/a","Basic Industries","Mining & Quarrying of Nonmetallic Minerals (No Fuels)","http://www.nasdaq.com/symbol/cxz",
"CRVP","Crystal Rock Holdings, Inc.","0.919","19656491","n/a","n/a","Consumer Non-Durables","Food Distributors","http://www.nasdaq.com/symbol/crvp",
"CTP","CTPartners Executive Search Inc.","6.94","50051280","n/a","2010","Technology","Diversified Commercial Services","http://www.nasdaq.com/symbol/ctp",
"QBC","Cubic Energy Inc","0.5","38608000","n/a","n/a","Energy","Oil & Gas Production","http://www.nasdaq.com/symbol/qbc",
"DXR","Daxor Corporation","9.4799","39938818.7","n/a","n/a","Health Care","Medical/Dental Instruments","http://www.nasdaq.com/symbol/dxr",
"DEJ","Dejour Energy Inc.","0.4699","57041630.9","n/a","n/a","Energy","Oil & Gas Production","http://www.nasdaq.com/symbol/dej",
"VCF","Delaware Investments Colorado Municipal Income Fund, Inc","14.8","71587600","n/a","1993","n/a","n/a","http://www.nasdaq.com/symbol/vcf",
"VFL","Delaware Investments Florida Insured Municipal Income Fund","13.2925","73414477.5","n/a","1993","n/a","n/a","http://www.nasdaq.com/symbol/vfl",
"VMM","Delaware Investments Minnesota Municipal Income Fund II, Inc.","14.39","165556950","n/a","1993","n/a","n/a","http://www.nasdaq.com/symbol/vmm",
"DLA","Delta Apparel, Inc.","16.01","135284500","n/a","n/a","Consumer Non-Durables","Apparel","http://www.nasdaq.com/symbol/dla",
"DGSE","DGSE Companies, Inc.","7.7","86394000","n/a","n/a","Consumer Services","Consumer Specialties","http://www.nasdaq.com/symbol/dgse",
"DPW","Digital Power Corporation","2.03","13901440","n/a","n/a","Capital Goods","Industrial Machinery/Components","http://www.nasdaq.com/symbol/dpw",
"DSS","Document Security Systems, Inc.","4.27","83469960","n/a","n/a","Technology","EDP Services","http://www.nasdaq.com/symbol/dss",
"DRJ","Dreams, Inc.","2.74","123423300","n/a","n/a","Consumer Services","Recreational Products/Toys","http://www.nasdaq.com/symbol/drj",
"DMF","Dreyfus Municipal Income, Inc.","10.41","214695840","n/a","1988","n/a","n/a","http://www.nasdaq.com/symbol/dmf",
"GRF","Eagle Capital Growth Fund, Inc.","6.5","19337500","n/a","n/a","n/a","n/a","http://www.nasdaq.com/symbol/grf",
"ESTE","Earthstone Energy, Inc.","22.16","37827120","n/a","n/a","Energy","Oil & Gas Production","http://www.nasdaq.com/symbol/este",
"EVM","Eaton Vance California Municipal Bond Fund","12.86","279666420","n/a","2002","n/a","n/a","http://www.nasdaq.com/symbol/evm",
"EIA","Eaton Vance California Municipal Bond Fund II","13.0499","50646661.9","n/a","2002","n/a","n/a","http://www.nasdaq.com/symbol/eia",
"CEV","Eaton Vance California Municipal Income Trust","14.24","103154560","n/a","1999","n/a","n/a","http://www.nasdaq.com/symbol/cev",
"EVV","Eaton Vance Limited Duration Income Fund","16.14","1893932160","n/a","2003","n/a","n/a","http://www.nasdaq.com/symbol/evv",
"MAB","Eaton Vance Massachusetts Municipal Bond Fund","15.86","28008760","n/a","2002","n/a","n/a","http://www.nasdaq.com/symbol/mab",
"MMV","Eaton Vance Massachusetts Municipal Income Trust","15.0021","41210768.7","n/a","1999","n/a","n/a","http://www.nasdaq.com/symbol/mmv",
"MIW","Eaton Vance Michigan Municipal Bond Fund","15.11","22861430","n/a","2002","n/a","n/a","http://www.nasdaq.com/symbol/miw",
"EMI","Eaton Vance Michigan Municipal Income Trust","13.75","29095000","n/a","1999","n/a","n/a","http://www.nasdaq.com/symbol/emi",
"EIM","Eaton Vance Municipal Bond Fund","13.26","903138600","n/a","2002","n/a","n/a","http://www.nasdaq.com/symbol/eim",
"EIV","Eaton Vance Municipal Bond Fund II","14.696","146813040","n/a","2002","n/a","n/a","http://www.nasdaq.com/symbol/eiv",
"EMJ","Eaton Vance New Jersey Municipal Bond Fund","14.5101","37653709.5","n/a","2002","n/a","n/a","http://www.nasdaq.com/symbol/emj",
"EVJ","Eaton Vance New Jersey Municipal Income Trust","14.33","66849450","n/a","1999","n/a","n/a","http://www.nasdaq.com/symbol/evj",
"ENX","Eaton Vance New York Municipal Bond Fund","15.26","242191460","n/a","2002","n/a","n/a","http://www.nasdaq.com/symbol/enx",
"NYH","Eaton Vance New York Municipal Bond Fund II","14.75","37819000","n/a","2002","n/a","n/a","http://www.nasdaq.com/symbol/nyh",
"EVY","Eaton Vance New York Municipal Income Trust","15.05","82203100","n/a","1999","n/a","n/a","http://www.nasdaq.com/symbol/evy",
"EIO","Eaton Vance Ohio Municipal Bond Fund","13.96","35332760","n/a","2002","n/a","n/a","http://www.nasdaq.com/symbol/eio",
"EVO","Eaton Vance Ohio Municipal Income Trust","14.54","41511700","n/a","1999","n/a","n/a","http://www.nasdaq.com/symbol/evo",
"EIP","Eaton Vance Pennsylvania Municipal Bond Fund","14.26","42152560","n/a","2002","n/a","n/a","http://www.nasdaq.com/symbol/eip",
"EVP","Eaton Vance Pennsylvania Municipal Income Trust","14.17","38499890","n/a","1999","n/a","n/a","http://www.nasdaq.com/symbol/evp",
"ECBE","ECB Bancorp Inc","9.2767","26438595","n/a","n/a","Finance","Major Banks","http://www.nasdaq.com/symbol/ecbe",
"ELMD","Electromed, Inc.","3.0507","24753379.8","n/a","2010","Health Care","Biotechnology: Electromedical & Electrotherapeutic Apparatus","http://www.nasdaq.com/symbol/elmd",
"ETAK","Elephant Talk Communications Inc","2.2","248342600","n/a","n/a","Public Utilities","Telecommunications Equipment","http://www.nasdaq.com/symbol/etak",
"ELLI","Ellie Mae, Inc.","8.8","182573600","n/a","n/a","Technology","Computer Software: Prepackaged Software","http://www.nasdaq.com/symbol/elli",
"ELLO","Ellomay Capital Ltd.","5.47","58955660","n/a","n/a","Capital Goods","Industrial Machinery/Components","http://www.nasdaq.com/symbol/ello",
"ECF","Ellsworth Convertible Growth and Income Fund, Inc.","7.29","97751610","n/a","1986","n/a","n/a","http://www.nasdaq.com/symbol/ecf",
"EMAN","eMagin Corporation","3.12","72705360","n/a","n/a","Technology","Semiconductors","http://www.nasdaq.com/symbol/eman",
"MSN","Emerson Radio Corporation","2","54260000","n/a","n/a","Consumer Non-Durables","Consumer Electronics/Appliances","http://www.nasdaq.com/symbol/msn",
"FEN","Energy Income and Growth Fund","31.56","445311600","n/a","2004","n/a","n/a","http://www.nasdaq.com/symbol/fen",
"ESA","Energy Services Acquisition Corp","3.5","50564500","n/a","n/a","Public Utilities","Water Supply","http://www.nasdaq.com/symbol/esa",
"EGX","Engex, Inc.","2.54","4132422520","n/a","n/a","n/a","n/a","http://www.nasdaq.com/symbol/egx",
"ENA","Enova Systems Inc.","0.365","11502975","n/a","n/a","Capital Goods","Electrical Products","http://www.nasdaq.com/symbol/ena",
"EGT","Entertainment Gaming Asia Incorporated","0.2947","34998277.3","n/a","n/a","Consumer Durables","Miscellaneous manufacturing industries","http://www.nasdaq.com/symbol/egt",
"EGI","Entree Gold Inc","1.39","158953450","n/a","n/a","Basic Industries","Precious Metals","http://www.nasdaq.com/symbol/egi",
"EVI","EnviroStarm, Inc.","1.38","9706920","n/a","n/a","Consumer Services","Other Consumer Services","http://www.nasdaq.com/symbol/evi",
"ESP","Espey Mfg. & Electronics Corp.","24.28","56378160","n/a","n/a","Capital Goods","Industrial Machinery/Components","http://www.nasdaq.com/symbol/esp",
"ETUA","eUnits 2 Year U.S. Market Participation Trust","10.5","0","n/a","n/a","n/a","n/a","http://www.nasdaq.com/symbol/etua",
"EMXX","Eurasian Minerals Inc.","2.5999","135808376.4","n/a","n/a","Basic Industries","Precious Metals","http://www.nasdaq.com/symbol/emxx",
"EVBN","Evans Bancorp, Inc.","14.01","57539070","n/a","n/a","Finance","Major Banks","http://www.nasdaq.com/symbol/evbn",
"EVK","Ever-Glory International Group, Inc.","1.65","24355650","n/a","n/a","Consumer Non-Durables","Apparel","http://www.nasdaq.com/symbol/evk",
"EPM","Evolution Petroleum Corporation, Inc.","9.17","255081890","n/a","n/a","Energy","Oil & Gas Production","http://www.nasdaq.com/symbol/epm",
"EPM^A","Evolution Petroleum Corporation, Inc.","27.6999","0","n/a","n/a","n/a","n/a","http://www.nasdaq.com/symbol/epm^a",
"XRA","Exeter Resource Corporation","3.21","277048680","n/a","n/a","Basic Industries","Mining & Quarrying of Nonmetallic Minerals (No Fuels)","http://www.nasdaq.com/symbol/xra",
"XG","Extorre Gold Mines Ltd.","7.84","685796160","n/a","n/a","Basic Industries","Precious Metals","http://www.nasdaq.com/symbol/xg",
"FPP","FieldPoint Petroleum Corporation","5.5","43906500","n/a","n/a","Energy","Oil & Gas Production","http://www.nasdaq.com/symbol/fpp",
"MXN","First American Minnesota Municipal Income Fund II, Inc.","16.21","23877330","n/a","2002","n/a","n/a","http://www.nasdaq.com/symbol/mxn",
"FWV","First West Virginia Bancorp, Inc.","16.21","26795130","n/a","n/a","Finance","Major Banks","http://www.nasdaq.com/symbol/fwv",
"BDL","Flanigan&#39;s Enterprises, Inc.","7.6299","14191614","n/a","n/a","Consumer Services","Restaurants","http://www.nasdaq.com/symbol/bdl",
"FSI","Flexible Solutions International Inc.","2.19","28842300","n/a","1998","Basic Industries","Major Chemicals","http://www.nasdaq.com/symbol/fsi",
"FFI","Fortune Diversified Industries, Inc.","0.47","5767370","n/a","1983","Consumer Services","Telecommunications Equipment","http://www.nasdaq.com/symbol/ffi",
"FSP","Franklin Street Properties Corp.","10.27","851762990","n/a","n/a","Consumer Services","Real Estate Investment Trusts","http://www.nasdaq.com/symbol/fsp",
"FTF","Franklin Templeton Limited Duration Income Trust","13.56","363231720","n/a","2003","n/a","n/a","http://www.nasdaq.com/symbol/ftf",
"FOH","Frederick&#39;s of Hollywood Group","0.55","21319100","n/a","n/a","Consumer Non-Durables","Apparel","http://www.nasdaq.com/symbol/foh",
"FRD","Friedman Industries Inc.","10.6","72069400","n/a","1972","Capital Goods","Steel/Iron Ore","http://www.nasdaq.com/symbol/frd",
"FRS","Frisch&#39;s Restaurants, Inc.","23.2","114538400","n/a","n/a","Consumer Services","Restaurants","http://www.nasdaq.com/symbol/frs",
"FLL","Full House Resorts, Inc.","3.18","59383320","n/a","n/a","Consumer Services","Hotels/Resorts","http://www.nasdaq.com/symbol/fll",
"GLU","Gabelli Global Utility","21.01","64584740","n/a","2004","n/a","n/a","http://www.nasdaq.com/symbol/glu",
"GGN","GAMCO Global Gold, Natural Reources & Income Trust by Gabelli","16.51","1072968390","n/a","2005","n/a","n/a","http://www.nasdaq.com/symbol/ggn",
"GGN^A","GAMCO Global Gold, Natural Reources & Income Trust by Gabelli","26.01","102895560","n/a","n/a","n/a","n/a","http://www.nasdaq.com/symbol/ggn^a",
"EGAS","Gas Natural Inc.","11.177","91137258","n/a","n/a","Public Utilities","Oil/Gas Transmission","http://www.nasdaq.com/symbol/egas",
"GSX","GASCO ENERGY INC","0.26","43682860","n/a","n/a","Energy","Oil & Gas Production","http://www.nasdaq.com/symbol/gsx",
"GST","Gastar Exploration","2.72","175975840","n/a","n/a","Energy","Oil & Gas Production","http://www.nasdaq.com/symbol/gst",
"GST^A","Gastar Exploration","19.9999","0","n/a","n/a","n/a","n/a","http://www.nasdaq.com/symbol/gst^a",
"JOB","General Employment Enterprises, Inc.","0.68","14755320","n/a","n/a","Technology","Diversified Commercial Services","http://www.nasdaq.com/symbol/job",
"GMO","General Moly, Inc","3.4","308696200","n/a","n/a","Basic Industries","Precious Metals","http://www.nasdaq.com/symbol/gmo",
"GGR","GeoGlobal Resources Inc.","0.223","22124722","n/a","n/a","Energy","Oil & Gas Production","http://www.nasdaq.com/symbol/ggr",
"GOK","Geokinetics, Inc.","1.99","37597070","n/a","n/a","Energy","Oil & Gas Production","http://www.nasdaq.com/symbol/gok",
"GPR","GeoPetro Resources Co","0.229","9675937","n/a","n/a","Energy","Oil & Gas Production","http://www.nasdaq.com/symbol/gpr",
"GSB","GlobalSCAPE, Inc.","2.06","37516720","n/a","n/a","Technology","Computer Software: Prepackaged Software","http://www.nasdaq.com/symbol/gsb",
"GLOW","Glowpoint, Inc.","3.03","76186320","n/a","n/a","Public Utilities","Telecommunications Equipment","http://www.nasdaq.com/symbol/glow",
"GRZ","Gold Reserve Inc","3.06","180619560","n/a","n/a","Basic Industries","Precious Metals","http://www.nasdaq.com/symbol/grz",
"GORO","Gold Resource Corporation","24.91","1318909770","n/a","n/a","Basic Industries","Precious Metals","http://www.nasdaq.com/symbol/goro",
"AUMN","Golden Minerals Co.","7.86","280484100","n/a","n/a","Basic Industries","Precious Metals","http://www.nasdaq.com/symbol/aumn",
"GSS","Golden Star Resources, Ltd","1.88","486307120","n/a","n/a","Basic Industries","Precious Metals","http://www.nasdaq.com/symbol/gss",
"GV","Goldfield Corporation (The)","0.66","16797660","n/a","n/a","Public Utilities","Water Supply","http://www.nasdaq.com/symbol/gv",
"GRC","Gorman-Rupp Company (The)","29.83","626161530","n/a","n/a","Capital Goods","Fluid Controls","http://www.nasdaq.com/symbol/grc",
"GHM","Graham Corporation","23.5","233566500","n/a","n/a","Technology","Industrial Machinery/Components","http://www.nasdaq.com/symbol/ghm",
"GTE","Gran Tierra Energy Inc.","5.77","1523060740","n/a","n/a","Energy","Oil & Gas Production","http://www.nasdaq.com/symbol/gte",
"GBG","Great Basin Gold, Ltd.","0.8804","364498806","n/a","n/a","Basic Industries","Precious Metals","http://www.nasdaq.com/symbol/gbg",
"GPL","Great Panther Silver Limited","2.58","321271920","n/a","n/a","Basic Industries","Precious Metals","http://www.nasdaq.com/symbol/gpl",
"GRH","GreenHunter Energy Inc","3.13","81023180","n/a","n/a","Basic Industries","Major Chemicals","http://www.nasdaq.com/symbol/grh",
"SIM","Grupo Simec, S.A. de C.V.","8.3","29622700","n/a","1993","Basic Industries","Steel/Iron Ore","http://www.nasdaq.com/symbol/sim",
"GVP","GSE Systems, Inc.","1.71","31575150","n/a","n/a","Technology","Computer Software: Prepackaged Software","http://www.nasdaq.com/symbol/gvp",
"HWG","Hallwood Group Incorporated","12.06","18391500","n/a","n/a","Basic Industries","Textiles","http://www.nasdaq.com/symbol/hwg",
"HBP","Helix Biopherma Cp","1.8572","124796411.2","n/a","n/a","Consumer Durables","Major Pharmaceuticals","http://www.nasdaq.com/symbol/hbp",
"HEB","Hemispherx BioPharma, Inc.","0.3051","41361186.6","n/a","n/a","Health Care","Biotechnology: Biological Products (No Diagnostic Substances)","http://www.nasdaq.com/symbol/heb",
"HLM^","Hillman Group Capital Trust","30.75","129703500","n/a","n/a","n/a","n/a","http://www.nasdaq.com/symbol/hlm^",
"HKN","HKN, Inc.","2.37","43702800","n/a","n/a","Energy","Oil & Gas Production","http://www.nasdaq.com/symbol/hkn",
"HMG","HMG/Courtland Properties, Inc.","4.078","4118780","n/a","n/a","Consumer Services","Real Estate Investment Trusts","http://www.nasdaq.com/symbol/hmg",
"HH","Hooper Holmes, Inc.","0.6998","48755066","n/a","n/a","Health Care","Hospital/Nursing Management","http://www.nasdaq.com/symbol/hh",
"HUSA","Houston American Energy Corporation","7.22","225011300","n/a","n/a","Energy","Oil & Gas Production","http://www.nasdaq.com/symbol/husa",
"IBIO","iBio, Inc.","0.8153","38944435.1","n/a","n/a","Consumer Durables","Major Pharmaceuticals","http://www.nasdaq.com/symbol/ibio",
"IBO","IBO (Listing Market - NYSE Amex Network B F)","n/a","0","n/a","n/a","n/a","n/a","http://www.nasdaq.com/symbol/ibo",
"IEC","IEC Electronics Corp.","4.76","46838400","n/a","n/a","Technology","Electrical Products","http://www.nasdaq.com/symbol/iec",
"IG","IGI Laboratories, Inc.","1.18","46607640","n/a","n/a","Health Care","Biotechnology: Biological Products (No Diagnostic Substances)","http://www.nasdaq.com/symbol/ig",
"IMH","Impac Mortgage Holdings, Inc.","2.74","21413100","n/a","1995","Consumer Services","Real Estate Investment Trusts","http://www.nasdaq.com/symbol/imh",
"IMO","Imperial Oil Limited","47.41","40188082110","n/a","n/a","Energy","Integrated oil Companies","http://www.nasdaq.com/symbol/imo",
"IOT","Income Opportunity Realty Trust","1.3301","5543856.8","n/a","n/a","Consumer Services","Real Estate Investment Trusts","http://www.nasdaq.com/symbol/iot",
"IGC","India Globalization Capital Inc.","0.4","20984000","n/a","1987","Basic Industries","Military/Government/Technical","http://www.nasdaq.com/symbol/igc",
"IGC/U","India Globalization Capital Inc.","0.4","0","n/a","n/a","n/a","n/a","http://www.nasdaq.com/symbol/igc/u",
"IGC/WS","India Globalization Capital Inc.","0.0207","0","n/a","n/a","n/a","n/a","http://www.nasdaq.com/symbol/igc/ws",
"INFU","InfuSystems Holdings, Inc.","2.0144","42967152","n/a","1992","Health Care","Medical/Dental Instruments","http://www.nasdaq.com/symbol/infu",
"INV","Innovaro Inc","0.7392","11118307.2","n/a","1997","Consumer Services","Professional Services","http://www.nasdaq.com/symbol/inv",
"IHT","InnSuites Hospitality Trust","2.2188","18793236","n/a","n/a","Consumer Services","Real Estate Investment Trusts","http://www.nasdaq.com/symbol/iht",
"INO","Inovio Pharmaceuticals, Inc.","0.616","78397704","n/a","n/a","Health Care","Medical/Dental Instruments","http://www.nasdaq.com/symbol/ino",
"IFMI","Institutional Financial Markets, Inc.","1.5299","19697462.5","n/a","n/a","Finance","Investment Bankers/Brokers/Service","http://www.nasdaq.com/symbol/ifmi",
"IDN","Intellicheck Mobilisia, Inc.","1.14","31307820","n/a","1999","Technology","Computer Software: Prepackaged Software","http://www.nasdaq.com/symbol/idn",
"INS","Intelligent Systems Corporation","1.59","14243220","n/a","1992","Capital Goods","Metal Fabrications","http://www.nasdaq.com/symbol/ins",
"THM","International Tower Hill Mines Ltd","5.01","434286840","n/a","1984","Basic Industries","Precious Metals","http://www.nasdaq.com/symbol/thm",
"DNN","Intl Uranium Corp","1.86","681133860","n/a","n/a","Basic Industries","Precious Metals","http://www.nasdaq.com/symbol/dnn",
"INUV","Inuvo, Inc","1.06","10638160","n/a","n/a","Consumer Services","Advertising","http://www.nasdaq.com/symbol/inuv",
"VKI","Invesco Van Kampen Advantage Municipal Income Trust II","13.32","588557520","n/a","n/a","n/a","n/a","http://www.nasdaq.com/symbol/vki",
"VMV","Invesco Van Kampen Massachusetts Value Municipal Income Trust","13.4699","36382199.9","n/a","n/a","n/a","n/a","http://www.nasdaq.com/symbol/vmv",
"VKL","Invesco Van Kampen Select Sector Municipal Trust","13.21","200673110","n/a","1993","n/a","n/a","http://www.nasdaq.com/symbol/vkl",
"ICH","Investors Capital Holdings, Ltd.","3.68","24490400","n/a","1997","Finance","Finance/Investors Services","http://www.nasdaq.com/symbol/ich",
"IPT","iParty Corporation","0.1699","4147089.1","n/a","n/a","Consumer Services","Other Specialty Stores","http://www.nasdaq.com/symbol/ipt",
"ISR","IsoRay, Inc.","0.56","16416960","n/a","n/a","Health Care","Medical/Dental Instruments","http://www.nasdaq.com/symbol/isr",
"ITI","Iteris, Inc.","1.4801","50520253.3","n/a","n/a","Consumer Durables","Telecommunications Equipment","http://www.nasdaq.com/symbol/iti",
"IVD","IVAX Diagnostics, Inc.","0.5001","17199439.2","n/a","n/a","Consumer Durables","Major Pharmaceuticals","http://www.nasdaq.com/symbol/ivd",
"KGN","Keegan Resources Inc","4.77","359200080","n/a","n/a","Basic Industries","Mining & Quarrying of Nonmetallic Minerals (No Fuels)","http://www.nasdaq.com/symbol/kgn",
"KBX","Kimber Resources Inc","1.06","81816100","n/a","n/a","Basic Industries","Mining & Quarrying of Nonmetallic Minerals (No Fuels)","http://www.nasdaq.com/symbol/kbx",
"KXM","Kobex Minerals Inc.","0.6407","29509360.6","n/a","n/a","Basic Industries","Precious Metals","http://www.nasdaq.com/symbol/kxm",
"LTS","Ladenburg Thalmann Financial Services Inc","1.91","349524270","n/a","n/a","Finance","Investment Bankers/Brokers/Service","http://www.nasdaq.com/symbol/lts",
"LSG","Lake Shore Gold Corp","1.57","595040990","n/a","n/a","n/a","n/a","http://www.nasdaq.com/symbol/lsg",
"LCI","Lannett Co Inc","4.01","113707560","n/a","n/a","Consumer Durables","Major Pharmaceuticals","http://www.nasdaq.com/symbol/lci",
"LAQ","Latin America Equity Fund, Inc. (The)","36.44","271441560","n/a","1991","n/a","n/a","http://www.nasdaq.com/symbol/laq",
"LGL","LGL Group, Inc. (The)","8.05","20785100","n/a","n/a","Capital Goods","Industrial Machinery/Components","http://www.nasdaq.com/symbol/lgl",
"LBY","Libbey, Inc.","12.59","249961860","n/a","1993","Capital Goods","Industrial Machinery/Components","http://www.nasdaq.com/symbol/lby",
"LON","Loncor Resources Inc.","1.549","73450482","n/a","n/a","Basic Industries","Precious Metals","http://www.nasdaq.com/symbol/lon",
"LPH","Longwei Petroleum Investment Holding Limited","1.44","145104480","n/a","1973","Energy","Oil Refining/Marketing","http://www.nasdaq.com/symbol/lph",
"LEI","Lucas Energy, Inc.","2.94","57450540","n/a","n/a","Energy","Oil & Gas Production","http://www.nasdaq.com/symbol/lei",
"MCZ","Mad Catz Interactive Inc","0.55","34904100","n/a","n/a","Consumer Non-Durables","Recreational Products/Toys","http://www.nasdaq.com/symbol/mcz",
"MVG","Mag Silver Corporation","10.28","567065360","n/a","n/a","Basic Industries","Precious Metals","http://www.nasdaq.com/symbol/mvg",
"MHR^C","Magnum Hunter Resources Corporation","25.55","0","n/a","n/a","n/a","n/a","http://www.nasdaq.com/symbol/mhr^c",
"MHR^D","Magnum Hunter Resources Corporation","48.4999","0","n/a","n/a","n/a","n/a","http://www.nasdaq.com/symbol/mhr^d",
"MHE","Massachusetts Health and Education Tax-Exempt Trust","14.85","34942050","n/a","1993","n/a","n/a","http://www.nasdaq.com/symbol/mhe",
"MHH","Mastech Holdings, Inc","5.309","19287597","n/a","n/a","Consumer Services","Professional Services","http://www.nasdaq.com/symbol/mhh",
"MDGN","Medgenics, Inc.","4.81","46753200","n/a","n/a","Health Care","Biotechnology: Biological Products (No Diagnostic Substances)","http://www.nasdaq.com/symbol/mdgn",
"MDGN/WS","Medgenics, Inc.","1.05","0","n/a","n/a","n/a","n/a","http://www.nasdaq.com/symbol/mdgn/ws",
"IPB","Merrill Lynch & Co., Inc.","25.7","38550000","n/a","n/a","Finance","Finance: Consumer Services","http://www.nasdaq.com/symbol/ipb",
"MEA","Metalico Inc","4.61","218795210","n/a","n/a","Basic Industries","Metal Fabrications","http://www.nasdaq.com/symbol/mea",
"MXC","Mexco Energy Corporation","9.24","18720240","n/a","1972","Energy","Oil & Gas Production","http://www.nasdaq.com/symbol/mxc",
"CCA","MFS California Insured Municipal Trust","11.65","32456900","n/a","1984","n/a","n/a","http://www.nasdaq.com/symbol/cca",
"MGT","MGT Capital Investments Inc","0.0538","3781655.8","n/a","n/a","Technology","Computer Software: Prepackaged Software","http://www.nasdaq.com/symbol/mgt",
"MSL","MidSouth Bancorp","12.3","119691300","n/a","n/a","Finance","Major Banks","http://www.nasdaq.com/symbol/msl",
"MDW","Midway Gold Corporation","1.68","190152480","n/a","n/a","Basic Industries","Precious Metals","http://www.nasdaq.com/symbol/mdw",
"MGH","Minco Gold Corporation","0.827","40948905","n/a","n/a","Basic Industries","Precious Metals","http://www.nasdaq.com/symbol/mgh",
"MFN","MineFinders Corp. Ltd.","15.32","1331828880","n/a","n/a","Basic Industries","Precious Metals","http://www.nasdaq.com/symbol/mfn",
"MGN","Mines Management, Inc.","2","57478000","n/a","1985","Basic Industries","Precious Metals","http://www.nasdaq.com/symbol/mgn",
"MXA","Minnesota Municipal Income Portfolio Inc.","16.5699","68715375.3","n/a","1993","n/a","n/a","http://www.nasdaq.com/symbol/mxa",
"MDM","Mountain Province Diamonds Inc.","5.19","408177930","n/a","n/a","Basic Industries","Precious Metals","http://www.nasdaq.com/symbol/mdm",
"MVF","MuniVest Fund, Inc.","10.82","682568880","n/a","1993","n/a","n/a","http://www.nasdaq.com/symbol/mvf",
"MZA","MuniYield Arizona Fund, Inc.","14.24","64991360","n/a","1993","n/a","n/a","http://www.nasdaq.com/symbol/mza",
"NHC","National HealthCare Corporation","44.1","611358300","n/a","n/a","Health Care","Hospital/Nursing Management","http://www.nasdaq.com/symbol/nhc",
"NHC^A","National HealthCare Corporation","14.75","159904750","n/a","n/a","n/a","n/a","http://www.nasdaq.com/symbol/nhc^a",
"NAVB","Navidea Biopharmaceuticals, Inc.","2.9","275821900","n/a","n/a","Health Care","Biotechnology: In Vitro & In Vivo Diagnostic Substances","http://www.nasdaq.com/symbol/navb",
"NBS","Neostem, Inc.","0.5602","60123465","n/a","n/a","Health Care","Hospital/Nursing Management","http://www.nasdaq.com/symbol/nbs",
"NBS/WS","Neostem, Inc.","0.17","0","n/a","n/a","n/a","n/a","http://www.nasdaq.com/symbol/nbs/ws",
"NBW","Neuberger Berman California Intermediate Municipal Fund Inc.","15.85","87317650","n/a","2002","n/a","n/a","http://www.nasdaq.com/symbol/nbw",
"NHS","Neuberger Berman High Yield Strategies Fund","14.21","174143550","n/a","n/a","n/a","n/a","http://www.nasdaq.com/symbol/nhs",
"NBH","Neuberger Berman Intermediate Municipal Fund Inc.","15.9001","296950267.6","n/a","2002","n/a","n/a","http://www.nasdaq.com/symbol/nbh",
"NBO","Neuberger Berman New York Intermediate Municipal Fund Inc.","15.75","79490250","n/a","2002","n/a","n/a","http://www.nasdaq.com/symbol/nbo",
"NRO","Neuberger Berman Real Estate Securities Income Fund, Inc.","4.15","243704600","n/a","2003","n/a","n/a","http://www.nasdaq.com/symbol/nro",
"CUR","Neuralstem, Inc.","1.15","55984300","n/a","1973","Health Care","Biotechnology: Biological Products (No Diagnostic Substances)","http://www.nasdaq.com/symbol/cur",
"UWN","Nevada Gold & Casinos, Inc.","1.46","23097200","n/a","n/a","Consumer Services","Services-Misc. Amusement & Recreation","http://www.nasdaq.com/symbol/uwn",
"NSU","Nevsun Resources Ltd","4.07","799706160","n/a","n/a","Basic Industries","Precious Metals","http://www.nasdaq.com/symbol/nsu",
"GBR","New Concept Energy, Inc","3.238","6304386","n/a","n/a","Energy","Oil & Gas Production","http://www.nasdaq.com/symbol/gbr",
"NEWN","New Energy Systems Group.","0.71","10331920","n/a","n/a","Energy","Industrial Machinery/Components","http://www.nasdaq.com/symbol/newn",
"NEN","New England Realty Associates Limited Partnership","27.44","8671040","n/a","n/a","Consumer Services","Building operators","http://www.nasdaq.com/symbol/nen",
"NGD","NEW GOLD INC.","10.92","4357538640","n/a","n/a","Basic Industries","Precious Metals","http://www.nasdaq.com/symbol/ngd",
"PAL","North American Palladium, Ltd.","2.93","453133290","n/a","2000","Basic Industries","Precious Metals","http://www.nasdaq.com/symbol/pal",
"NAK","Northern Dynasty Minerals, Ltd.","6.75","635694750","n/a","n/a","Basic Industries","Precious Metals","http://www.nasdaq.com/symbol/nak",
"NOG","Northern Oil and Gas, Inc.","22.93","1448419310","n/a","n/a","Energy","Oil & Gas Production","http://www.nasdaq.com/symbol/nog",
"NBY","NovaBay Pharmaceuticals, Inc.","1.33","37661610","n/a","2007","Consumer Durables","Major Pharmaceuticals","http://www.nasdaq.com/symbol/nby",
"NG","Novagold Resources Inc New","8.13","1951069920","n/a","n/a","Basic Industries","Precious Metals","http://www.nasdaq.com/symbol/ng",
"NTN","NTN Buzztime, Inc.","0.2349","14307054.3","n/a","n/a","Consumer Services","Broadcasting","http://www.nasdaq.com/symbol/ntn",
"NLP","NTS Realty Holdings Limited Partnership","3.45","38277750","n/a","n/a","Consumer Services","Real Estate Investment Trusts","http://www.nasdaq.com/symbol/nlp",
"NTS","NTS, Inc.","0.6","24712200","n/a","n/a","Consumer Services","Telecommunications Equipment","http://www.nasdaq.com/symbol/nts",
"NEA","Nuveen AMT-Free Municipal Income Fund","14.94","332280540","n/a","2002","n/a","n/a","http://www.nasdaq.com/symbol/nea",
"NFZ","Nuveen Arizona Dividend Advantage Municipal Fund","14.49","22430520","n/a","2001","n/a","n/a","http://www.nasdaq.com/symbol/nfz",
"NFZ^C","Nuveen Arizona Dividend Advantage Municipal Fund","10.08","0","n/a","n/a","n/a","n/a","http://www.nasdaq.com/symbol/nfz^c",
"NKR","Nuveen Arizona Dividend Advantage Municipal Fund 2","14.78","36063200","n/a","2002","n/a","n/a","http://www.nasdaq.com/symbol/nkr",
"NXE","Nuveen Arizona Dividend Advantage Municipal Fund 3","14.3","43843800","n/a","2002","n/a","n/a","http://www.nasdaq.com/symbol/nxe",
"NVX","Nuveen California Dividend Advantage Municipal Fund 2","15.55","229315850","n/a","2001","n/a","n/a","http://www.nasdaq.com/symbol/nvx",
"NZH","Nuveen California Dividend Advantage Municipal Fund 3","14.338","345947264","n/a","n/a","n/a","n/a","http://www.nasdaq.com/symbol/nzh",
"NCB","Nuveen California Municipal Value Fund 2","16.226","53351088","n/a","n/a","n/a","n/a","http://www.nasdaq.com/symbol/ncb",
"NCU","Nuveen California Premium Income Municipal Fund","15.38","88142780","n/a","1993","n/a","n/a","http://www.nasdaq.com/symbol/ncu",
"NFC","Nuveen Connecticut Dividend Advantage Municipal Fund","15.02","38841720","n/a","2001","n/a","n/a","http://www.nasdaq.com/symbol/nfc",
"NGK","Nuveen Connecticut Dividend Advantage Municipal Fund 2","15.19","35240800","n/a","2002","n/a","n/a","http://www.nasdaq.com/symbol/ngk",
"NGO","Nuveen Connecticut Dividend Advantage Municipal Fund 3","14.18","61924060","n/a","2002","n/a","n/a","http://www.nasdaq.com/symbol/ngo",
"CFD","Nuveen Diversified Commodity Fund","23.42","217033140","n/a","1998","Finance","Investment Bankers/Brokers/Service","http://www.nasdaq.com/symbol/cfd",
"NXZ","Nuveen Dividend Advantage Municipal Fund 2","15.3","450768600","n/a","2001","n/a","n/a","http://www.nasdaq.com/symbol/nxz",
"NZF","Nuveen Dividend Advantage Municipal Fund 3","15.36","620421120","n/a","2007","n/a","n/a","http://www.nasdaq.com/symbol/nzf",
"NVG","Nuveen Dividend Advantage Municipal Income Fund","15.37","458072110","n/a","2002","n/a","n/a","http://www.nasdaq.com/symbol/nvg",
"NZX","Nuveen Georgia Dividend Advantage Municipal Fund","15.76","31078720","n/a","n/a","n/a","n/a","http://www.nasdaq.com/symbol/nzx",
"NZX^C","Nuveen Georgia Dividend Advantage Municipal Fund","10.1","0","n/a","n/a","n/a","n/a","http://www.nasdaq.com/symbol/nzx^c",
"NKG","Nuveen Georgia Dividend Advantage Municipal Fund 2","14.99","68279450","n/a","2002","n/a","n/a","http://www.nasdaq.com/symbol/nkg",
"NPG","Nuveen Georgia Premium Income Municipal Fund","15.2","57866400","n/a","1993","n/a","n/a","http://www.nasdaq.com/symbol/npg",
"NKL","Nuveen Insured California Dividend Advantage Municipal Fund","16.27","248215120","n/a","2002","n/a","n/a","http://www.nasdaq.com/symbol/nkl",
"NKX","Nuveen Insured California Tax-Free Advantage Municipal Fund","14.98","88187260","n/a","2002","n/a","n/a","http://www.nasdaq.com/symbol/nkx",
"NGX","Nuveen Insured Massachusetts Tax-Free Advantage Municipal Fund","14.69","40059630","n/a","2002","n/a","n/a","http://www.nasdaq.com/symbol/ngx",
"NFM","Nuveen Maryland Dividend Advantage Municipal Fund","14.8","62115600","n/a","2001","n/a","n/a","http://www.nasdaq.com/symbol/nfm",
"NZR","Nuveen Maryland Dividend Advantage Municipal Fund 2","15.0294","63168568.2","n/a","n/a","n/a","n/a","http://www.nasdaq.com/symbol/nzr",
"NWI","Nuveen Maryland Dividend Advantage Municipal Fund 3","14.8","79416800","n/a","2002","n/a","n/a","http://www.nasdaq.com/symbol/nwi",
"NMB","Nuveen Massachusetts Dividend Advantage Municipal Fund","14.74","28978840","n/a","2001","n/a","n/a","http://www.nasdaq.com/symbol/nmb",
"NMB^C","Nuveen Massachusetts Dividend Advantage Municipal Fund","10.09","0","n/a","n/a","n/a","n/a","http://www.nasdaq.com/symbol/nmb^c",
"NZW","Nuveen Michigan Dividend Advantage Municipal Fund","14.38","29522140","n/a","n/a","n/a","n/a","http://www.nasdaq.com/symbol/nzw",
"NZW^C","Nuveen Michigan Dividend Advantage Municipal Fund","10.03","0","n/a","n/a","n/a","n/a","http://www.nasdaq.com/symbol/nzw^c",
"NOM","Nuveen Missouri Premium Income Municipal Fund","16.6","38545200","n/a","1993","n/a","n/a","http://www.nasdaq.com/symbol/nom",
"NMZ","Nuveen Municipal High Income Opportunity Fund","12.91","359827520","n/a","2003","n/a","n/a","http://www.nasdaq.com/symbol/nmz",
"NXJ","Nuveen New Jersey Dividend Advantage Municipal Fund","15.15","99535500","n/a","2001","n/a","n/a","http://www.nasdaq.com/symbol/nxj",
"NUJ","Nuveen New Jersey Dividend Advantage Municipal Fund 2","15.75","71237250","n/a","1991","n/a","n/a","http://www.nasdaq.com/symbol/nuj",
"NJV","Nuveen New Jersey Municipal Value Fund","16.43","25647230","n/a","n/a","n/a","n/a","http://www.nasdaq.com/symbol/njv",
"NRK","Nuveen New York AMT-Free Municipal Income Fund","15.01","52640070","n/a","2002","n/a","n/a","http://www.nasdaq.com/symbol/nrk",
"NXK","Nuveen New York Dividend Advantage Municipal Fund 2","15.19","98567910","n/a","2001","n/a","n/a","http://www.nasdaq.com/symbol/nxk",
"NKO","Nuveen New York Dividend Advantage Municipal Income Fund","15.26","121118620","n/a","2002","n/a","n/a","http://www.nasdaq.com/symbol/nko",
"NYV","Nuveen New York Municipal Value Fund 2","15","35205000","n/a","2009","n/a","n/a","http://www.nasdaq.com/symbol/nyv",
"NRB","Nuveen North Carolina Dividend Advantage Municipal Fund","16.83","38237760","n/a","2001","n/a","n/a","http://www.nasdaq.com/symbol/nrb",
"NNO","Nuveen North Carolina Dividend Advantage Municipal Fund 2","15.84","59447520","n/a","2001","n/a","n/a","http://www.nasdaq.com/symbol/nno",
"NII","Nuveen North Carolina Dividend Advantage Municipal Fund 3","15.77","62086490","n/a","2002","n/a","n/a","http://www.nasdaq.com/symbol/nii",
"NXI","Nuveen Ohio Dividend Advantage Municipal Fund","15.52","65897920","n/a","2001","n/a","n/a","http://www.nasdaq.com/symbol/nxi",
"NXI^D","Nuveen Ohio Dividend Advantage Municipal Fund","10.21","0","n/a","n/a","n/a","n/a","http://www.nasdaq.com/symbol/nxi^d",
"NBJ","Nuveen Ohio Dividend Advantage Municipal Fund 2","14.98","46767560","n/a","n/a","n/a","n/a","http://www.nasdaq.com/symbol/nbj",
"NBJ^A","Nuveen Ohio Dividend Advantage Municipal Fund 2","10.06","0","n/a","n/a","n/a","n/a","http://www.nasdaq.com/symbol/nbj^a",
"NVJ","Nuveen Ohio Dividend Advantage Municipal Fund 3","16.14","34830120","n/a","2002","n/a","n/a","http://www.nasdaq.com/symbol/nvj",
"NVJ^A","Nuveen Ohio Dividend Advantage Municipal Fund 3","10.04","0","n/a","n/a","n/a","n/a","http://www.nasdaq.com/symbol/nvj^a",
"NXM","Nuveen Pennsylvania Dividend Advantage Municipal Fund","14.9","49497800","n/a","2001","n/a","n/a","http://www.nasdaq.com/symbol/nxm",
"NVY","Nuveen Pennsylvania Dividend Advantage Municipal Fund 2","14.91","55554660","n/a","1993","n/a","n/a","http://www.nasdaq.com/symbol/nvy",
"NPN","Nuveen Pennsylvania Municipal Value Fund","15.7","19138300","n/a","1992","n/a","n/a","http://www.nasdaq.com/symbol/npn",
"JRS","Nuveen Real Estate Fund","11.16","318718440","n/a","2001","n/a","n/a","http://www.nasdaq.com/symbol/jrs",
"JFP","Nuveen Tax-Advantaged Floating Rate Fund","2.38","33265260","n/a","n/a","n/a","n/a","http://www.nasdaq.com/symbol/jfp",
"NGB","Nuveen Virginia Dividend Advantage Municipal Fund","15.89","49989940","n/a","2001","n/a","n/a","http://www.nasdaq.com/symbol/ngb",
"NNB","Nuveen Virginia Dividend Advantage Municipal Fund 2","16.31","93635710","n/a","2001","n/a","n/a","http://www.nasdaq.com/symbol/nnb",
"BQI","Oilsands Quest Inc","0.179","62417121","n/a","n/a","Basic Industries","Precious Metals","http://www.nasdaq.com/symbol/bqi",
"OBT","Orbital Corporation Limited","5.5","3338500","n/a","n/a","Miscellaneous","Multi-Sector Companies","http://www.nasdaq.com/symbol/obt",
"TIS","Orchids Paper Products Company","18","135000000","n/a","1988","Basic Industries","Paper","http://www.nasdaq.com/symbol/tis",
"ONP","Orient Paper, Inc.","3.9","71565000","n/a","n/a","Consumer Durables","Containers/Packaging","http://www.nasdaq.com/symbol/onp",
"OESX","Orion Energy Systems, Inc.","2.45","56376950","n/a","2007","Consumer Durables","Building Products","http://www.nasdaq.com/symbol/oesx",
"OFI","Overhill Farms, Inc.","4.36","68988280","n/a","n/a","Consumer Non-Durables","Packaged Foods","http://www.nasdaq.com/symbol/ofi",
"PHF","Pacholder High Yield Fund, Inc.","9.25","119870750","n/a","1988","n/a","n/a","http://www.nasdaq.com/symbol/phf",
"PBM","Pacific Booker Minerals Inc","8.75","105262500","n/a","n/a","Basic Industries","Precious Metals","http://www.nasdaq.com/symbol/pbm",
"PCG^A","Pacific Gas & Electric Co.","30.1399","174359321.5","n/a","n/a","n/a","n/a","http://www.nasdaq.com/symbol/pcg^a",
"PCG^B","Pacific Gas & Electric Co.","27.4","32140200","n/a","n/a","n/a","n/a","http://www.nasdaq.com/symbol/pcg^b",
"PCG^C","Pacific Gas & Electric Co.","25.29","10116000","n/a","n/a","n/a","n/a","http://www.nasdaq.com/symbol/pcg^c",
"PCG^D","Pacific Gas & Electric Co.","25.03","44503340","n/a","n/a","n/a","n/a","http://www.nasdaq.com/symbol/pcg^d",
"PCG^E","Pacific Gas & Electric Co.","24.8058","30238270.2","n/a","n/a","n/a","n/a","http://www.nasdaq.com/symbol/pcg^e",
"PCG^G","Pacific Gas & Electric Co.","24.5","19428500","n/a","n/a","n/a","n/a","http://www.nasdaq.com/symbol/pcg^g",
"PCG^H","Pacific Gas & Electric Co.","23.31","14242410","n/a","n/a","n/a","n/a","http://www.nasdaq.com/symbol/pcg^h",
"PCG^I","Pacific Gas & Electric Co.","23.0138","9619768.4","n/a","n/a","n/a","n/a","http://www.nasdaq.com/symbol/pcg^i",
"PCE","Pacific Office Properties Trust, Inc","0.5101","2010304.1","n/a","n/a","Consumer Services","Real Estate Investment Trusts","http://www.nasdaq.com/symbol/pce",
"PPW^","PacifiCorp","101","12726000","n/a","n/a","Public Utilities","Electric Utilities: Central","http://www.nasdaq.com/symbol/ppw^",
"PTN","Palatin Technologies, Inc.","0.58","20242580","n/a","1997","Consumer Durables","Major Pharmaceuticals","http://www.nasdaq.com/symbol/ptn",
"PZG","Paramount Gold and Silver Corp.","2.45","335373150","n/a","n/a","Basic Industries","Precious Metals","http://www.nasdaq.com/symbol/pzg",
"PCYG","Park City Group, Inc.","2.8","33121200","n/a","n/a","Technology","EDP Services","http://www.nasdaq.com/symbol/pcyg",
"PRK","Park National Corporation","66.29","1021263740","n/a","n/a","Finance","Major Banks","http://www.nasdaq.com/symbol/prk",
"PTX","Pernix Therapeutics Holdings, Inc.","8.6","221389800","n/a","1993","Consumer Durables","Major Pharmaceuticals","http://www.nasdaq.com/symbol/ptx",
"PIP","PharmAthene, Inc","1.36","65663520","n/a","1973","Consumer Durables","Major Pharmaceuticals","http://www.nasdaq.com/symbol/pip",
"HNW","Pioneer Diversified High Income Trust","20.6","169867600","n/a","2007","n/a","n/a","http://www.nasdaq.com/symbol/hnw",
"PDC","Pioneer Drilling Co","9.97","616425160","n/a","1991","Energy","Oil & Gas Production","http://www.nasdaq.com/symbol/pdc",
"PLG","Platinum Group Metals Ltd.","1.5","266377500","n/a","1989","Basic Industries","Precious Metals","http://www.nasdaq.com/symbol/plg",
"PCC","PMC Commercial Trust","7.4299","78571192.5","n/a","1993","Consumer Services","Real Estate Investment Trusts","http://www.nasdaq.com/symbol/pcc",
"PLM","Polymet Mining Corp.","1.24","191983000","n/a","n/a","Basic Industries","Precious Metals","http://www.nasdaq.com/symbol/plm",
"PW","Power REIT","10","16230000","n/a","n/a","Consumer Services","Real Estate Investment Trusts","http://www.nasdaq.com/symbol/pw",
"APTS","Preferred Apartment Communities, Inc.","7.8","40146600","n/a","n/a","Consumer Services","Real Estate Investment Trusts","http://www.nasdaq.com/symbol/apts",
"PBTH","PROLOR Biotech, Inc.","6.0401","329421013.9","n/a","n/a","Consumer Durables","Major Pharmaceuticals","http://www.nasdaq.com/symbol/pbth",
"PLX","Protalix BioTherapeutics, Inc.","5.34","484952100","n/a","n/a","Health Care","Biotechnology: Biological Products (No Diagnostic Substances)","http://www.nasdaq.com/symbol/plx",
"PDO","Pyramid Oil Co","5.35","25059400","n/a","n/a","Energy","Oil & Gas Production","http://www.nasdaq.com/symbol/pdo",
"QMM","Quaterra Resources Inc","0.59","80513760","n/a","n/a","Basic Industries","Precious Metals","http://www.nasdaq.com/symbol/qmm",
"QPSA","Quepasa Corporation","4.43","149149240","n/a","n/a","Consumer Services","Advertising","http://www.nasdaq.com/symbol/qpsa",
"QRM","Quest Rare Minerals Ltd","2.55","157411500","n/a","n/a","Basic Industries","Precious Metals","http://www.nasdaq.com/symbol/qrm",
"RLGT","Radiant Logistics, Inc.","2.29","73992190","n/a","n/a","Transportation","Oil Refining/Marketing","http://www.nasdaq.com/symbol/rlgt",
"REE","Rare Element Resources Ltd.","5.37","237520470","n/a","1992","Basic Industries","Precious Metals","http://www.nasdaq.com/symbol/ree",
"UTG","Reaves Utility Income Fund","26.66","612993380","n/a","2004","n/a","n/a","http://www.nasdaq.com/symbol/utg",
"RWC","RELM Wireless Corporation","1.25","16900000","n/a","n/a","Technology","Radio And Television Broadcasting And Communications Equipment","http://www.nasdaq.com/symbol/rwc",
"RCG","Renaissance Capital Growth & Income Fund III, Inc.","1.7199","7677633.6","n/a","n/a","n/a","n/a","http://www.nasdaq.com/symbol/rcg",
"RTK","Rentech, Inc.","1.81","407668110","n/a","1991","Basic Industries","Agricultural Chemicals","http://www.nasdaq.com/symbol/rtk",
"RVP","Retractable Technologies, Inc.","1.2299","31091872","n/a","n/a","Health Care","Medical/Dental Instruments","http://www.nasdaq.com/symbol/rvp",
"RVM","Revett Minerals Inc.","4.41","150164910","n/a","n/a","Basic Industries","Precious Metals","http://www.nasdaq.com/symbol/rvm",
"RNN","Rexahn Pharmaceuticals, Inc.","0.5098","48607390.8","n/a","n/a","Consumer Durables","Major Pharmaceuticals","http://www.nasdaq.com/symbol/rnn",
"RIC","Richmont Mines, Inc.","10.06","317453360","n/a","n/a","Basic Industries","Precious Metals","http://www.nasdaq.com/symbol/ric",
"RIF","RMR Real Estate Income Fund.","15.56","27307800","n/a","2002","n/a","n/a","http://www.nasdaq.com/symbol/rif",
"RPI","Roberts Realty Investors, Inc.","1.38","14305080","n/a","n/a","Consumer Services","Real Estate Investment Trusts","http://www.nasdaq.com/symbol/rpi",
"RBY","Rubicon Minerals Corp","3.5","750032500","n/a","n/a","Basic Industries","Precious Metals","http://www.nasdaq.com/symbol/rby",
"BQY","S&P Quality Rankings Glbl Equ Mngd Tr","13.3","395887800","n/a","2004","n/a","n/a","http://www.nasdaq.com/symbol/bqy",
"SGA","Saga Communications, Inc.","36","131544000","n/a","1992","Consumer Services","Broadcasting","http://www.nasdaq.com/symbol/sga",
"SAL","Salisbury Bancorp, Inc.","26.25","44336250","n/a","n/a","Finance","Savings Institutions","http://www.nasdaq.com/symbol/sal",
"SSN","Samson Oil & Gas Limited","2.74","144515820","n/a","n/a","Energy","Oil & Gas Production","http://www.nasdaq.com/symbol/ssn",
"SDO^A","San Diego Gas & Electric Company","24","9000000","n/a","n/a","n/a","n/a","http://www.nasdaq.com/symbol/sdo^a",
"SDO^B","San Diego Gas & Electric Company","22.25","6675000","n/a","n/a","n/a","n/a","http://www.nasdaq.com/symbol/sdo^b",
"SDO^C","San Diego Gas & Electric Company","20.45","6646250","n/a","n/a","n/a","n/a","http://www.nasdaq.com/symbol/sdo^c",
"SDO^H","San Diego Gas & Electric Company","30.981","19827840","n/a","n/a","n/a","n/a","http://www.nasdaq.com/symbol/sdo^h",
"SARA","Saratoga Resources Inc","6.45","170157450","n/a","n/a","Energy","Oil & Gas Production","http://www.nasdaq.com/symbol/sara",
"SEB","Seaboard Corporation","1860.22","2249005980","n/a","1996","Finance","Investment Bankers/Brokers/Service","http://www.nasdaq.com/symbol/seb",
"SA","Seabridge Gold, Inc.","23.04","945907200","n/a","1987","Basic Industries","Precious Metals","http://www.nasdaq.com/symbol/sa",
"IDI","SearchMedia Holdings Limited","1.56","32540040","n/a","n/a","Finance","Business Services","http://www.nasdaq.com/symbol/idi",
"IDI/U","SearchMedia Holdings Limited","3.49","0","n/a","n/a","n/a","n/a","http://www.nasdaq.com/symbol/idi/u",
"IDI/WS","SearchMedia Holdings Limited","0.12","0","n/a","n/a","n/a","n/a","http://www.nasdaq.com/symbol/idi/ws",
"SED","SED International Holdings Inc","3.9801","19709455.2","n/a","n/a","Technology","Retail: Computer Software & Peripheral Equipment","http://www.nasdaq.com/symbol/sed",
"SNT","Senesco Technologies Inc","0.24","21126240","n/a","n/a","Health Care","Biotechnology: Commercial Physical & Biological Resarch","http://www.nasdaq.com/symbol/snt",
"SVT","Servotronics, Inc.","10.8","24159600","n/a","n/a","Capital Goods","Industrial Machinery/Components","http://www.nasdaq.com/symbol/svt",
"SIF","SIFCO Industries, Inc.","19.07","101051930","n/a","n/a","Capital Goods","Aerospace","http://www.nasdaq.com/symbol/sif",
"SVBL","Silver Bull Resources, Inc.","0.58","78972800","n/a","n/a","Basic Industries","Precious Metals","http://www.nasdaq.com/symbol/svbl",
"WWZ^K","SiM Internal Test 10","n/a","0","n/a","n/a","n/a","n/a","http://www.nasdaq.com/symbol/wwz^k",
"MMZ^K","SiM Internal Test 6","n/a","0","n/a","n/a","n/a","n/a","http://www.nasdaq.com/symbol/mmz^k",
"OOZ^K","SiM Internal Test 7","n/a","0","n/a","n/a","n/a","n/a","http://www.nasdaq.com/symbol/ooz^k",
"QQZ^K","SiM Internal Test 8","n/a","0","n/a","n/a","n/a","n/a","http://www.nasdaq.com/symbol/qqz^k",
"SS^K","SiM Internal Test 9","n/a","0","n/a","n/a","n/a","n/a","http://www.nasdaq.com/symbol/ss^k",
"SIHI","SinoHub, Inc","0.55","18400250","n/a","n/a","Consumer Non-Durables","Electronic Components","http://www.nasdaq.com/symbol/sihi",
"SLI","SL Industries, Inc.","16.95","77427600","n/a","n/a","Capital Goods","Industrial Machinery/Components","http://www.nasdaq.com/symbol/sli",
"ZXX","SM Listed Test 3","n/a","0","n/a","n/a","n/a","n/a","http://www.nasdaq.com/symbol/zxx",
"ZXX^F","SM Listed Test 3","n/a","0","n/a","n/a","n/a","n/a","http://www.nasdaq.com/symbol/zxx^f",
"XPL","Solitario Exploration & Royalty Corp","1.49","50965450","n/a","n/a","Basic Industries","Precious Metals","http://www.nasdaq.com/symbol/xpl",
"SOQ","Sonde Resources Corp","2.47","153883470","n/a","n/a","Energy","Oil & Gas Production","http://www.nasdaq.com/symbol/soq",
"SCE^B","Southern California Edison Company","20.55","20550000","n/a","n/a","n/a","n/a","http://www.nasdaq.com/symbol/sce^b",
"SCE^C","Southern California Edison Company","21.4601","25752120","n/a","n/a","n/a","n/a","http://www.nasdaq.com/symbol/sce^c",
"SCE^D","Southern California Edison Company","22.83","37737990","n/a","n/a","n/a","n/a","http://www.nasdaq.com/symbol/sce^d",
"SCE^E","Southern California Edison Company","24.7299","32074680.3","n/a","n/a","n/a","n/a","http://www.nasdaq.com/symbol/sce^e",
"SSE","Southern Connecticut Bancorp Inc","1.5999","4316530.2","n/a","n/a","Finance","Major Banks","http://www.nasdaq.com/symbol/sse",
"SGB","Southwest Georgia Financial Corporation","10.15","25862200","n/a","n/a","Finance","Major Banks","http://www.nasdaq.com/symbol/sgb",
"LOV","Spark Networks, Inc.","4.36","89794200","n/a","n/a","Miscellaneous","Business Services","http://www.nasdaq.com/symbol/lov",
"SILU","Sprott Resource Lending Corp.","1.52","235136400","n/a","n/a","Finance","Commercial Banks","http://www.nasdaq.com/symbol/silu",
"SGS","Stream Global Services, Inc","3.08","235641560","n/a","n/a","Technology","Professional Services","http://www.nasdaq.com/symbol/sgs",
"SSY","SunLink Health Systems, Inc.","0.98","9259040","n/a","n/a","Health Care","Hospital/Nursing Management","http://www.nasdaq.com/symbol/ssy",
"STS","Supreme Industries, Inc.","3.01","39409930","n/a","n/a","Capital Goods","Construction/Ag Equipment/Trucks","http://www.nasdaq.com/symbol/sts",
"SYRG","Synergy Resources Corporation","3.25","166231000","n/a","n/a","Energy","Oil & Gas Production","http://www.nasdaq.com/symbol/syrg",
"SYN","Synthetic Biologics, Inc","2.1","65715300","n/a","n/a","Consumer Durables","Major Pharmaceuticals","http://www.nasdaq.com/symbol/syn",
"TTTM","T3 Motion Inc","0.46","5925260","n/a","n/a","Capital Goods","Auto Manufacturing","http://www.nasdaq.com/symbol/tttm",
"TTTM/WS/W","T3 Motion Inc","n/a","0","n/a","n/a","n/a","n/a","http://www.nasdaq.com/symbol/tttm/ws/w",
"TTTM/WS/Z","T3 Motion Inc","n/a","0","n/a","n/a","n/a","n/a","http://www.nasdaq.com/symbol/tttm/ws/z",
"TLB/WS","Talbots, Inc. (The)","0.02","0","n/a","n/a","n/a","n/a","http://www.nasdaq.com/symbol/tlb/ws",
"TRX","Tanzanian Royalty Exploration Corporation","4.3","429965600","n/a","2005","Basic Industries","Precious Metals","http://www.nasdaq.com/symbol/trx",
"TGB","Taseko Mines Limited","3.97","744367060","n/a","n/a","Basic Industries","Precious Metals","http://www.nasdaq.com/symbol/tgb",
"TAS","Tasman Metals Ltd","2.14","125147200","n/a","n/a","Basic Industries","Precious Metals","http://www.nasdaq.com/symbol/tas",
"TSH","Teche Holding Company","37.6","77794400","n/a","n/a","Finance","Savings Institutions","http://www.nasdaq.com/symbol/tsh",
"TIK","Tel-Instrument Electronics Corp.","6.75","18117000","n/a","n/a","Capital Goods","Electrical Products","http://www.nasdaq.com/symbol/tik",
"TGC","Tengasco, Inc.","1.04","63166480","n/a","n/a","Energy","Oil & Gas Production","http://www.nasdaq.com/symbol/tgc",
"TF","Thai Capital Fund Inc","10.88","38787200","n/a","n/a","n/a","n/a","http://www.nasdaq.com/symbol/tf",
"TPI","Tianyin Pharmaceutical Co., Inc.","0.77","22634920","n/a","1986","Consumer Durables","Major Pharmaceuticals","http://www.nasdaq.com/symbol/tpi",
"TLR","Timberline Resources Corporation","0.535","32797640","n/a","1983","Basic Industries","Precious Metals","http://www.nasdaq.com/symbol/tlr",
"TGD","Timmons Gold Corp","2.83","396952780","n/a","n/a","Basic Industries","Precious Metals","http://www.nasdaq.com/symbol/tgd",
"TOF","Tofutti Brands Inc.","1.7","8800900","n/a","n/a","Consumer Non-Durables","Specialty Foods","http://www.nasdaq.com/symbol/tof",
"TMP","Tompkins Financial Corporation","39.29","437022670","n/a","n/a","Finance","Major Banks","http://www.nasdaq.com/symbol/tmp",
"TAT","Transatlantic Petroleum Ltd","1.3","475449000","n/a","n/a","Energy","Oil & Gas Production","http://www.nasdaq.com/symbol/tat",
"TA","TravelCenters of America LLC","5.06","75900","n/a","n/a","Consumer Durables","Automotive Aftermarket","http://www.nasdaq.com/symbol/ta",
"TPLM","Triangle Petroleum Corporation","7.47","323383770","n/a","n/a","Energy","Oil & Gas Production","http://www.nasdaq.com/symbol/tplm",
"TRT","Trio-Tech International","2.12","7042640","n/a","1984","Technology","Industrial Machinery/Components","http://www.nasdaq.com/symbol/trt",
"TIV","Tri-Valley Corporation","0.178","12035470","n/a","n/a","Energy","Oil & Gas Production","http://www.nasdaq.com/symbol/tiv",
"TCX","Tucows Inc.","0.9549","51066142.2","n/a","n/a","Technology","EDP Services","http://www.nasdaq.com/symbol/tcx",
"TWO/WS","Two Harbors Investments Corp","0.24","0","n/a","n/a","n/a","n/a","http://www.nasdaq.com/symbol/two/ws",
"HTM","U.S. Geothermal Inc.","0.5599","47585901","n/a","n/a","Public Utilities","Electric Utilities: Central","http://www.nasdaq.com/symbol/htm",
"ULU","Uluru Inc.","0.44","2978360","n/a","n/a","Consumer Durables","Major Pharmaceuticals","http://www.nasdaq.com/symbol/ulu",
"UVE","UNIVERSAL INSURANCE HOLDINGS INC","3.97","158772210","n/a","n/a","Finance","Property-Casualty Insurers","http://www.nasdaq.com/symbol/uve",
"UPG","Universal Power Group Inc","2.05","10291000","n/a","2006","Consumer Non-Durables","Telecommunications Equipment","http://www.nasdaq.com/symbol/upg",
"UUU","Universal Security Instruments, Inc.","5.36","12574560","n/a","n/a","Consumer Non-Durables","Electronic Components","http://www.nasdaq.com/symbol/uuu",
"UQM","UQM TECHNOLOGIES INC","1.63","59547160","n/a","n/a","Capital Goods","Industrial Machinery/Components","http://www.nasdaq.com/symbol/uqm",
"URG","Ur Energy Inc","1.14","117919320","n/a","n/a","Basic Industries","Precious Metals","http://www.nasdaq.com/symbol/urg",
"URZ","Uranerz Energy Corporation","2.5","192567500","n/a","n/a","Basic Industries","Precious Metals","http://www.nasdaq.com/symbol/urz",
"UEC","Uranium Energy Corp.","3.89","293986750","n/a","n/a","Basic Industries","Precious Metals","http://www.nasdaq.com/symbol/uec",
"VTG","Vantage Drilling Company","1.35","392453100","n/a","n/a","Energy","Oil & Gas Production","http://www.nasdaq.com/symbol/vtg",
"VSR","Versar, Inc.","2.8","27084400","n/a","1986","Consumer Services","Military/Government/Technical","http://www.nasdaq.com/symbol/vsr",
"VII","Vicon Industries, Inc.","3.54","15837960","n/a","n/a","Consumer Durables","Telecommunications Equipment","http://www.nasdaq.com/symbol/vii",
"VHC","VirnetX Holding Corp","21.15","1068180750","n/a","n/a","Miscellaneous","Multi-Sector Companies","http://www.nasdaq.com/symbol/vhc",
"VGZ","Vista Gold Corporation","3.51","250898310","n/a","n/a","Basic Industries","Precious Metals","http://www.nasdaq.com/symbol/vgz",
"VOG","Voyager Oil & Gas, Inc.","3.15","182221200","n/a","n/a","Energy","Oil & Gas Production","http://www.nasdaq.com/symbol/vog",
"VRNG","Vringo, Inc.","1.72","10713880","n/a","n/a","Consumer Services","Telecommunications Equipment","http://www.nasdaq.com/symbol/vrng",
"VRNG/WS","Vringo, Inc.","0.27","0","n/a","n/a","n/a","n/a","http://www.nasdaq.com/symbol/vrng/ws",
"WAC","Walter Investment Management Corp.","20.09","555588950","n/a","1991","Consumer Services","Real Estate Investment Trusts","http://www.nasdaq.com/symbol/wac",
"WSO/B","Watsco, Inc.","72.5","337415000","n/a","n/a","Consumer Durables","Industrial Machinery/Components","http://www.nasdaq.com/symbol/wso/b",
"EAD","Wells Fargo Advantage Income Opportunities Fund","10.57","731539130","n/a","2003","n/a","n/a","http://www.nasdaq.com/symbol/ead",
"ERC","Wells Fargo Advantage Multi-Sector Income Fund","15.55","653955250","n/a","2003","n/a","n/a","http://www.nasdaq.com/symbol/erc",
"ERH","Wells Fargo Advantage Utilities and High Income Fund","11.98","108574740","n/a","2004","n/a","n/a","http://www.nasdaq.com/symbol/erh",
"WGA","Wells-Gardner Electronics Corporation","2.25","26104500","n/a","n/a","Technology","Radio And Television Broadcasting And Communications Equipment","http://www.nasdaq.com/symbol/wga",
"SBI","Western Asset Intermediate Muni Fund Inc","10.18","142978100","n/a","1992","n/a","n/a","http://www.nasdaq.com/symbol/sbi",
"WRN","Western Copper and Gold Corporation","1.78","165545340","n/a","1994","Basic Industries","Precious Metals","http://www.nasdaq.com/symbol/wrn",
"RVR","White River Capital, Inc.","22.4","79116800","n/a","1984","Finance","Finance: Consumer Services","http://www.nasdaq.com/symbol/rvr",
"WSR","Whitestone REIT","12.78","112885740","n/a","2010","Consumer Services","Real Estate Investment Trusts","http://www.nasdaq.com/symbol/wsr",
"WYY","WidePoint Corporation","0.8","50344800","n/a","n/a","Technology","EDP Services","http://www.nasdaq.com/symbol/wyy",
"WMCO","Williams Controls, Inc.","11","80388000","n/a","1989","Capital Goods","Auto Parts:O.E.M.","http://www.nasdaq.com/symbol/wmco",
"WEX","Winland Electronics, Inc.","0.777","2876454","n/a","n/a","Capital Goods","Industrial Machinery/Components","http://www.nasdaq.com/symbol/wex",
"WTT","Wireless Telecom Group,  Inc.","1.2","29853600","n/a","n/a","Capital Goods","Electrical Products","http://www.nasdaq.com/symbol/wtt",
"WIS^","Wisconsin Power & Light Co.","103","10300000","n/a","n/a","Public Utilities","Power Generation","http://www.nasdaq.com/symbol/wis^",
"WZE","WIZZARD SOFTWARE CORPORATION","2.1","17022600","n/a","n/a","Technology","Computer Software: Prepackaged Software","http://www.nasdaq.com/symbol/wze",
"XPO","XPO Logistics, Inc.","18.34","151653460","n/a","n/a","Consumer Services","Transportation Services","http://www.nasdaq.com/symbol/xpo",
"YMI","YM BioSciences, Inc.","2","233364000","n/a","n/a","Consumer Durables","Major Pharmaceuticals","http://www.nasdaq.com/symbol/ymi",
"ZBB","ZBB Energy Corporation","0.7","28738500","n/a","2007","Public Utilities","Electric Utilities: Central","http://www.nasdaq.com/symbol/zbb",
